domain-name,first-registered
rad.io,2004-03-05
design.io,2006-04-10
ox.io,2007-02-08
search.io,2007-11-14
soup.io,2007-08-07
speed.io,2007-12-04
abc.io,2008-09-06
bwbx.io,2008-12-16
klinger.io,2008-06-09
media.io,2008-08-25
start.io,2008-07-17
ventures.io,2008-11-11
360.io,2009-07-05
8bit.io,2009-11-07
app.io,2009-06-04
boxcar.io,2009-06-23
gamechanger.io,2009-01-14
imm.io,2009-09-25
kenneth.io,2009-02-08
mim.io,2009-10-25
plan.io,2009-08-13
privacy.io,2009-12-16
push.io,2009-04-01
put.io,2009-07-19
survey.io,2009-03-24
worldtime.io,2009-10-20
air.io,2010-06-11
akka.io,2010-09-13
atom.io,2010-01-06
blaze.io,2010-03-13
blossom.io,2010-06-30
chirp.io,2010-10-30
dashboard.io,2010-07-14
derek.io,2010-11-30
ding.io,2010-04-14
elastic.io,2010-10-01
ep.io,2010-11-01
ethn.io,2010-05-17
gez.io,2010-10-10
liber.io,2010-11-17
markup.io,2010-06-02
mile.io,2010-01-18
netty.io,2010-12-27
notes.io,2010-08-13
print.io,2010-01-26
redis.io,2010-05-28
ride.io,2010-12-22
salon.io,2010-10-06
soc.io,2010-03-08
socket.io,2010-04-18
spark.io,2010-03-12
spring.io,2010-11-07
suggest.io,2010-12-04
talk.io,2010-06-30
urge.io,2010-11-03
vox.io,2010-08-06
wk.io,2010-09-13
adstage.io,2011-09-21
airbrake.io,2011-09-06
alert.io,2011-11-18
apiary.io,2011-03-25
apis.io,2011-08-31
apo.io,2011-10-18
athlete.io,2011-02-13
audience.io,2011-03-30
blitz.io,2011-01-04
brian.io,2011-07-26
brunch.io,2011-10-10
c9.io,2011-01-25
caffeine.io,2011-07-01
card.io,2011-01-05
casual.io,2011-11-08
contax.io,2011-05-09
context.io,2011-02-22
continuum.io,2011-10-25
copper.io,2011-09-20
customer.io,2011-10-26
datahub.io,2011-12-01
defunkt.io,2011-02-26
dillinger.io,2011-11-08
dochub.io,2011-12-04
ecx.io,2011-01-17
enigma.io,2011-03-20
exceptional.io,2011-07-27
fluxx.io,2011-05-24
galleria.io,2011-04-23
ghost.io,2011-10-01
ginger.io,2011-01-19
grove.io,2011-07-15
gun.io,2011-02-21
hans.io,2011-06-21
infinit.io,2011-10-17
intercom.io,2011-08-15
iron.io,2011-06-17
itch.io,2011-10-27
keen.io,2011-11-07
kraken.io,2011-08-05
mailtrap.io,2011-10-06
manager.io,2011-03-11
matter.io,2011-03-22
meetings.io,2011-09-14
mercury.io,2011-02-07
minutes.io,2011-04-06
mockup.io,2011-09-20
mostlyserious.io,2011-11-14
oned.io,2011-11-03
openweb.io,2011-12-18
pancake.io,2011-11-02
pen.io,2011-01-24
proto.io,2011-01-16
rax.io,2011-06-30
ret.io,2011-05-10
revolutionary.io,2011-07-27
rightnow.io,2011-07-12
risk.io,2011-03-09
rvm.io,2011-12-29
screenwriting.io,2011-03-14
seed.io,2011-02-15
segment.io,2011-10-01
sencha.io,2011-03-31
sketch.io,2011-05-17
spider.io,2011-04-30
sunglass.io,2011-10-24
sush.io,2011-01-07
tilde.io,2011-08-23
tlk.io,2011-06-08
tllabs.io,2011-05-30
tree.io,2011-01-24
trigger.io,2011-11-10
ubiquity.io,2011-04-13
vod.io,2011-02-14
accel.io,2012-04-02
adjust.io,2012-05-24
aha.io,2012-07-10
alias.io,2012-07-27
ambition.io,2012-12-31
apc.io,2012-02-28
appery.io,2012-12-20
appium.io,2012-10-31
assemble.io,2012-09-24
avenue.io,2012-07-04
avocado.io,2012-02-14
balloons.io,2012-02-23
binbox.io,2012-11-04
blend.io,2012-02-23
bloc.io,2012-01-18
bolt.io,2012-12-14
bonsai.io,2012-02-04
bounce.io,2012-08-08
bourbon.io,2012-10-31
brackets.io,2012-03-20
brisk.io,2012-07-30
btcloud.io,2012-04-27
built.io,2012-07-24
bundler.io,2012-08-23
cabinet.io,2012-07-02
circuits.io,2012-07-23
circular.io,2012-10-27
clay.io,2012-01-14
close.io,2012-06-08
cloudrad.io,2012-02-10
codeable.io,2012-11-15
codepen.io,2012-02-26
codeship.io,2012-11-28
coherence.io,2012-08-09
colin.io,2012-09-04
component.io,2012-08-07
contest.io,2012-06-05
cordova.io,2012-03-27
coveralls.io,2012-10-23
dataloader.io,2012-02-27
dfm.io,2012-10-17
disco.io,2012-07-16
discuss.io,2012-01-06
dixit.io,2012-10-19
docker.io,2012-12-17
doist.io,2012-09-27
dougblack.io,2012-09-02
draw.io,2012-07-12
drone.io,2012-04-06
easel.io,2012-02-23
ebz.io,2012-07-06
egghead.io,2012-11-02
elastica.io,2012-07-27
elmed.io,2012-10-18
emmet.io,2012-08-20
filecloud.io,2012-01-23
filepicker.io,2012-04-14
firefeed.io,2012-12-10
flask.io,2012-11-05
flowlab.io,2012-08-12
forecast.io,2012-09-20
gfx.io,2012-08-09
goodcode.io,2012-06-03
goto.io,2012-11-25
greenhouse.io,2012-05-01
hackathon.io,2012-02-19
hex.io,2012-05-15
hirefire.io,2012-11-13
honeybadger.io,2012-06-06
hull.io,2012-08-02
icomoon.io,2012-06-15
idobata.io,2012-07-03
idol.io,2012-10-25
iknow.io,2012-08-29
import.io,2012-03-26
interact.io,2012-01-06
inviter.io,2012-11-30
ipt.io,2012-05-18
jianshu.io,2012-09-26
jobboard.io,2012-07-07
jok.io,2012-12-17
jsdb.io,2012-11-20
jt.io,2012-08-07
kd.io,2012-04-08
kumu.io,2012-08-21
kura.io,2012-03-02
kvz.io,2012-09-24
laravel.io,2012-11-02
leanstack.io,2012-09-04
liftsecurity.io,2012-07-06
linko.io,2012-08-27
loader.io,2012-03-27
major.io,2012-05-10
makeshift.io,2012-11-16
mig.io,2012-09-20
mixture.io,2012-08-16
modulus.io,2012-07-11
moh.io,2012-08-27
moj.io,2012-07-17
mondrian.io,2012-12-14
moolah.io,2012-12-13
mover.io,2012-06-14
movies.io,2012-05-23
nibbler.io,2012-09-24
notism.io,2012-04-09
oauth.io,2012-08-23
occ.io,2012-02-29
opened.io,2012-09-03
optimus.io,2012-12-28
oyun.io,2012-11-05
patience.io,2012-07-12
pears.io,2012-10-17
petnet.io,2012-02-23
pics.io,2012-11-23
pineapple.io,2012-07-24
pivotal.io,2012-12-24
planscope.io,2012-04-04
plugg.io,2012-02-14
pods.io,2012-08-31
prediction.io,2012-12-05
preserve.io,2012-09-20
printstud.io,2012-11-07
programmatic.io,2012-11-14
prose.io,2012-06-15
pump.io,2012-07-05
r-a-d.io,2012-05-14
rally.io,2012-08-17
raygun.io,2012-08-29
refresh.io,2012-01-27
riemann.io,2012-12-28
samepage.io,2012-11-16
scotch.io,2012-06-28
scratchpad.io,2012-12-04
serverdensity.io,2012-09-11
shirts.io,2012-12-27
shodan.io,2012-08-22
sidebar.io,2012-10-08
sitespeed.io,2012-04-25
spacebox.io,2012-10-14
spray.io,2012-09-21
statuspage.io,2012-10-04
stephen.io,2012-12-12
structure.io,2012-03-08
superhuman.io,2012-07-02
thing.io,2012-05-15
tldr.io,2012-02-27
tray.io,2012-04-13
triggermail.io,2012-08-15
tuition.io,2012-05-24
typ.io,2012-10-05
typing.io,2012-05-15
undertow.io,2012-07-27
vertx.io,2012-03-05
visit.io,2012-10-25
voz.io,2012-02-14
wakari.io,2012-09-26
webscript.io,2012-09-19
websec.io,2012-08-10
webshell.io,2012-01-07
wide.io,2012-11-21
wise.io,2012-05-09
xip.io,2012-05-10
yeoman.io,2012-05-18
zinc.io,2012-08-01
26gems.io,2013-12-09
5rocks.io,2013-02-27
aaronbonner.io,2013-02-05
adminium.io,2013-06-06
aircall.io,2013-10-03
airstream.io,2013-04-14
anders.io,2013-09-05
apostle.io,2013-10-09
appcasts.io,2013-12-24
appstr.io,2013-05-08
aquard.io,2013-07-18
arabia.io,2013-07-20
arkos.io,2013-06-10
askthem.io,2013-05-30
attending.io,2013-06-07
baba.io,2013-10-07
bandwagon.io,2013-02-09
baremetrics.io,2013-10-15
beachfront.io,2013-03-20
belt.io,2013-05-12
bentobox.io,2013-09-18
berelevant.io,2013-10-10
bex.io,2013-04-04
bitcore.io,2013-12-10
bitmixer.io,2013-09-20
bitnodes.io,2013-05-03
bitwall.io,2013-06-12
blockr.io,2013-11-11
bootcamper.io,2013-01-08
bower.io,2013-01-16
brace.io,2013-07-18
brightside.io,2013-03-21
buglist.io,2013-04-30
campusboard.io,2013-12-11
canlitv.io,2013-11-14
canvaspod.io,2013-12-05
captivate.io,2013-09-14
casco.io,2013-10-14
catalyze.io,2013-03-14
cex.io,2013-06-30
cfapps.io,2013-04-19
cgd.io,2013-07-25
clara.io,2013-04-12
clipz.io,2013-08-16
codebox.io,2013-07-03
codehelper.io,2013-07-20
codementor.io,2013-04-09
coderpad.io,2013-05-04
codeshare.io,2013-04-16
coingen.io,2013-12-29
colibri.io,2013-05-05
composer.io,2013-01-13
conekta.io,2013-07-19
connecto.io,2013-12-26
contagious.io,2013-09-27
craftsmen.io,2013-04-09
cryptostore.io,2013-12-13
cuff.io,2013-09-19
customelements.io,2013-08-19
cyberduck.io,2013-09-13
dashed.io,2013-07-22
datalab.io,2013-02-12
daux.io,2013-06-10
daypack.io,2013-03-01
deer.io,2013-10-28
deis.io,2013-06-14
delimited.io,2013-06-14
density.io,2013-05-09
designation.io,2013-11-28
detective.io,2013-07-15
devdocs.io,2013-05-30
deweyapp.io,2013-12-12
dicecoin.io,2013-12-03
dictionaries.io,2013-10-17
differential.io,2013-01-24
digilab.io,2013-11-16
divshot.io,2013-06-19
donde.io,2013-05-21
dploy.io,2013-06-28
drop.io,2013-07-04
dynobox.io,2013-10-23
earlydays.io,2013-06-19
edr.io,2013-04-15
elev.io,2013-11-14
emissary.io,2013-04-17
epiclist.io,2013-05-11
escorts.io,2013-08-19
exercism.io,2013-06-02
exist.io,2013-06-19
eyso.io,2013-11-22
fargo.io,2013-04-05
fastpass.io,2013-03-18
fibonacci.io,2013-12-26
filament.io,2013-03-13
fleep.io,2013-07-06
flynn.io,2013-07-08
fontawesome.io,2013-05-06
fotorama.io,2013-05-09
framed.io,2013-02-10
freehosting.io,2013-10-28
freespace.io,2013-05-26
geekettes.io,2013-11-04
getsocial.io,2013-10-14
ghash.io,2013-06-30
ghostify.io,2013-10-24
github.io,2013-03-08
gitt.io,2013-12-18
gleam.io,2013-03-14
groupbuzz.io,2013-02-08
gweb.io,2013-04-20
hackerbowl.io,2013-12-11
hacktech.io,2013-09-29
hammerhead.io,2013-04-22
hashop.io,2013-11-26
helios.io,2013-03-18
herzog.io,2013-11-27
highfidelity.io,2013-02-25
highway1.io,2013-06-06
hiremyfriend.io,2013-06-06
hologram.io,2013-03-12
homesecurity.io,2013-12-17
hoverstud.io,2013-03-07
hss.io,2013-12-15
httpstatus.io,2013-05-27
hubbl.io,2013-02-25
hzlzh.io,2013-10-29
indicate.io,2013-10-30
inews.io,2013-03-24
insideintercom.io,2013-02-05
instantclick.io,2013-11-23
invoiceomatic.io,2013-05-07
ipinfo.io,2013-04-23
jamesavery.io,2013-10-27
jumpstarter.io,2013-05-08
kamel.io,2013-12-23
kassa.io,2013-05-28
keybase.io,2013-09-06
kod.io,2013-05-16
kontakt.io,2013-03-23
krash.io,2013-02-28
kris.io,2013-05-06
ladybug.io,2013-06-17
lamplighter.io,2013-05-20
leonard.io,2013-05-20
linkydink.io,2013-08-09
ljs.io,2013-08-23
lms.io,2013-05-06
lobe.io,2013-11-14
localdash.io,2013-07-05
lookback.io,2013-05-23
lsq.io,2013-10-29
mailparser.io,2013-04-08
mailtrack.io,2013-05-07
manong.io,2013-08-20
massrel.io,2013-10-08
matchup.io,2013-08-09
mattwest.io,2013-10-19
mchacks.io,2013-11-19
mean.io,2013-05-29
megaviews.io,2013-10-29
mesosphere.io,2013-08-21
metta.io,2013-06-04
minutelabs.io,2013-10-17
mixitup.io,2013-02-11
mixrad.io,2013-08-15
mlh.io,2013-08-04
modstore.io,2013-09-18
monocle.io,2013-02-04
myth.io,2013-05-06
namebox.io,2013-08-18
nebo.io,2013-02-22
newshack.io,2013-07-12
nextsocial.io,2013-09-17
nitrous.io,2013-03-20
nodeschool.io,2013-09-11
nodyn.io,2013-04-18
oatmeal.io,2013-08-01
objc.io,2013-05-09
onjumpstarter.io,2013-06-19
onsenui.io,2013-12-05
onsite.io,2013-03-05
onstage.io,2013-05-10
orchestrate.io,2013-02-14
packer.io,2013-03-14
parsnip.io,2013-10-29
paydiv.io,2013-09-09
phaser.io,2013-04-12
pioneers.io,2013-01-02
pixelnest.io,2013-03-13
plastic.io,2013-10-20
postach.io,2013-01-09
postano.io,2013-04-17
powr.io,2013-11-27
prepare.io,2013-10-08
prerender.io,2013-10-05
prestodb.io,2013-09-25
prismic.io,2013-06-05
pristine.io,2013-05-11
productsup.io,2013-04-30
profiles.io,2013-12-06
programas.io,2013-12-19
purecss.io,2013-05-16
pyd.io,2013-05-22
pythoncentral.io,2013-08-13
qbox.io,2013-04-15
quickcast.io,2013-07-02
rach.io,2013-05-02
raindrop.io,2013-08-20
realytics.io,2013-09-18
redlink.io,2013-06-19
redpen.io,2013-03-17
reme.io,2013-11-03
rendr.io,2013-11-13
republika.io,2013-04-03
resin.io,2013-09-04
resrc.io,2013-08-06
reviewcast.io,2013-12-04
revox.io,2013-11-14
robinhood.io,2013-10-28
roon.io,2013-04-06
roots.io,2013-08-17
roughdraft.io,2013-03-07
s5labs.io,2013-11-16
same.io,2013-01-15
saved.io,2013-08-30
scrollback.io,2013-05-13
seanhalpin.io,2013-08-22
selendroid.io,2013-01-06
sending.io,2013-08-28
serfdom.io,2013-08-28
serverpilot.io,2013-05-10
setosa.io,2013-12-11
shipcloud.io,2013-03-25
shopapps.io,2013-10-11
sideproject.io,2013-07-11
siz.io,2013-06-13
sleeknote.io,2013-09-15
smartcar.io,2013-11-30
smartly.io,2013-06-18
snapsvg.io,2013-10-02
snoop.io,2013-03-27
sourcing.io,2013-09-11
speaking.io,2013-01-26
springloops.io,2013-04-17
stackedit.io,2013-10-06
standin.io,2013-04-05
stavros.io,2013-05-06
stockphotos.io,2013-09-05
streamroot.io,2013-05-27
strut.io,2013-05-07
table.io,2013-08-26
tablo.io,2013-05-21
talky.io,2013-06-06
tamas.io,2013-11-19
tchat.io,2013-05-18
techcalendar.io,2013-07-17
temper.io,2013-01-27
testosterone.io,2013-07-19
thecloudfactory.io,2013-05-30
thinkster.io,2013-07-03
thumbr.io,2013-05-21
tidev.io,2013-11-08
titon.io,2013-04-18
topcoat.io,2013-02-14
torquemag.io,2013-07-03
trabajo.io,2013-09-17
tradeup.io,2013-06-19
trak.io,2013-03-27
trime.io,2013-12-28
tulip.io,2013-08-07
turntotech.io,2013-08-06
txto.io,2013-06-18
udid.io,2013-08-12
unirest.io,2013-04-23
uplift.io,2013-05-08
userapp.io,2013-02-26
usine.io,2013-06-11
vessel.io,2013-02-05
virtualreality.io,2013-05-13
visualping.io,2013-08-12
volafile.io,2013-08-30
vurb.io,2013-05-10
waffle.io,2013-06-19
wagtail.io,2013-12-19
wams.io,2013-09-28
wedfol.io,2013-03-27
whattowear.io,2013-12-23
winity.io,2013-11-12
wipster.io,2013-05-31
worldpay.io,2013-10-31
wpdev.io,2013-05-10
wpmu.io,2013-08-26
wptest.io,2013-03-07
wrangler.io,2013-07-15
yardbird.io,2013-04-20
zenmate.io,2013-06-29
zenorad.io,2013-10-17
zenpen.io,2013-01-27
zoomquiet.io,2013-12-31
achot.io,2014-02-16
alcatraz.io,2014-01-05
appacademy.io,2014-09-09
asicshop.io,2014-01-12
audify.io,2014-01-15
blockout.io,2014-01-21
bonusly.io,2014-01-31
brix.io,2014-01-14
brm.io,2014-02-06
browsersync.io,2014-01-15
chasm.io,2014-08-01
cryptx.io,2014-01-27
cub.io,2014-05-04
darkcoin.io,2014-01-28
devcasts.io,2014-01-23
dictation.io,2014-01-15
digipay.io,2014-02-07
drp.io,2014-02-16
dweet.io,2014-01-14
emailfinder.io,2014-01-23
eski.io,2014-02-06
evomail.io,2014-11-08
faucet.io,2014-01-31
feedbag.io,2014-01-03
feh.io,2014-01-28
firstofficer.io,2014-02-01
flappybird.io,2014-02-10
flatdesign.io,2014-01-23
futureof.io,2014-01-29
gele.io,2014-01-31
halosystems.io,2014-01-31
ingramchen.io,2014-01-04
inputs.io,2014-06-22
ios7.io,2014-10-04
kobra.io,2014-01-03
literally.io,2014-01-10
moblr.io,2014-01-26
nid.io,2014-01-01
noam.io,2014-01-09
onthe.io,2014-01-29
pagesnap.io,2014-02-22
photographer.io,2014-08-05
piratebay.io,2014-02-02
pock.io,2014-01-28
ponzi.io,2014-01-31
primecoin.io,2014-01-08
pullup.io,2014-02-10
q-lang.io,2014-02-28
readability.io,2014-01-07
ruosen.io,2014-01-09
sidekicks.io,2014-02-15
smartcoin.io,2014-02-06
solomon.io,2014-01-04
startupkit.io,2014-02-04
teampage.io,2014-02-19
tether.io,2014-01-27
treats.io,2014-01-27
trinket.io,2014-01-03
twitvid.io,2014-09-06
uistore.io,2014-02-17
unobtanium.io,2014-01-09
wank.io,2014-01-14
wowfactor.io,2014-01-25
writebin.io,2014-02-11
